street_name,total_counts,uniq.dates
01 AV,734810,58
02 AV,55903,14
03 AV,95901,18
04 AV,753240,47
05 AV,921951,57
06 AV,1331729,60
06 EX,38830,1
07 AV,52476,10
08 AV,70829,11
09 AV,66239,14
10 AV,454773,23
11 AV,427732,27
14 ST,0,1
16 ST,202943,23
17 ST,26681,7
19 ST,49546,6
25 ST,226352,22
26 ST,47386,7
27 ST,23351,6
28 ST,532990,33
30 ST,604704,47
31 ST,0,1
32 ST,382320,36
32ND  ST,2958,1
33 ST,83140,14
35 ST,111169,23
36 ST,22559,8
37 ST,5191,2
38 ST,35111,11
39 ST,8238,2
40 ST,26990,8
41 ST,3705,2
42 ST,20769,4
43 ST,354819,31
43RD  ST,3901,1
44 ST,0,1
45 ST,6633,3
47 ST,623487,36
49 ST,2149,2
50 ST,4332,3
51 ST,4434,2
52 ST,49877,6
54 ST,1163564,40
54TH  ST,44458,1
54TH  ST ,23936,1
55 ST,34358,4
56 ST,10198,5
58 ST,28772,11
60 ST,28815,9
61 ST,44139,11
62 AV,4250,1
62 ST,30642,8
63 ST,20997,4
65 ST,17699,7
68 ST,2552,2
69 ST,45236,16
70 ST,257205,8
A ST,531094,31
ABBOTT ST,26703,6
ABER ST,4760,3
ACACIA ST,12176,5
ACENA DR,12078,3
ACORN ST,14130,4
ACTIVITY RD,106364,7
ACWORTH AV,18643,5
ADAMS  AV,8185,1
ADAMS AV,461171,27
ADOBE FALLS RD,14456,4
ADOLPHIA ST,2799,2
ADRIAN ST,26897,5
AERO DR,1202783,26
AFTON RD,15956,3
AIRWAY RD,152457,13
AKINS AV,15959,4
ALABAMA ST,15432,6
ALBATROSS ST,25858,4
ALBION ST,2080,1
ALCOTT ST,1810,2
ALDINE  DR,4705,1
ALDINE DR,143723,9
ALLEGHANY ,13034,1
ALLEGHANY ST,40413,10
ALLEY - LA JOLLA BL,0,2
ALLEY S/O EL CAJON BL,0,1
ALMAZON ST,4750,3
ALSACIA ST,15020,5
ALTA VIEW DR,63784,8
ALTA VW DR,17220,4
ALVARADO CANYON RD,15370,3
ALVARADO CYN RD,39585,9
ALVARADO RD,91184,8
ALVERSON RD,0,1
ALVIN ST,0,1
AMALFI ST,380,1
ANGELIQUE ST,3549,3
ANTIGUA BL,102345,16
APPALOOSA RD,0,1
APPLETON ST,33456,5
AQUARIUS DR,9005,2
ARAGON DR,10926,6
ARBOR DR,17755,3
ARDATH RD,3639,2
AREY DR,13338,6
ARIANE DR,8311,4
ARJONS DR,27493,5
ARMOUR ST,18973,6
ARMSTRONG ST,15391,5
ARNO DR,290,1
ARR SORRENTO RD,0,1
ARRIBA ST,34715,7
ARRUZA ST,9862,3
ARTESIAN RD,2035,3
ARVERNE ST,0,1
ASH ST,526749,33
ASHFORD ST,104896,15
ASHLEY FALLS DR,6126,2
ATHEY AV,9294,3
AUBURNDALE ST,8721,4
AUTO CIRCLE ,321321,9
AUTO CR,38020,1
AV CRESTA ,0,2
AV MAGNIFICA ,0,1
AV VENUSTO ,4250,1
AVATI DR,23051,4
AVENIDA DEL RIO ,11940,1
AVENIDA MAGNIFICA ,23464,5
AVENIDA PLAYA ,4620,1
AVENIDA PLAYA  ,4645,2
AVENIDA RIO ,33530,4
AVENIDA VENUSTO ,32267,7
AVENIDA VISTAS ,18671,4
AVENUE OF SCIENCE ,4490,1
AVERNE ST,2145,1
AVIARY DR,32019,10
AVIARY RD,0,1
AZUAGA ST,16016,5
B ST,346479,28
BACHMAN  PL,7504,1
BACHMAN PL,53533,9
BACON  ST,6189,1
BACON ST,57969,11
BAJA DR,4567,2
BAKER ST,1096,1
BALBOA ARMS DR,15165,4
BALBOA AV,3963572,48
BALBOA DR,10203,3
BALTIC ST,3888,2
BALTIMORE DR,38060,4
BANDY CYN RD,2963,4
BARNES CANYON RD,5520,1
BARNES CYN RD,84178,7
BARNETT AV,367727,11
BATISTA ST,2036,1
BAY BL,0,1
BAYARD ST,32225,6
BAYVIEW HTS DR,36100,8
BAYVIEW HTS WY,43610,4
BEAGLE ST,45269,10
BEAUMONT AV,932,3
BEECH ST,6450,5
BELLEVUE AV,2510,3
BENCHLEY RD,0,1
BERGER AV,34297,5
BERNARDO CENTER DR,104790,5
BERNARDO CTR DR,763187,24
BERNARDO HTS PY,183968,13
BERNARDO OAKS DR,19132,5
BERYL ST,241058,13
BEYER BL,528109,29
BEYER WY,66379,7
BIGNELL DR,475,2
BILLMAN ST,3143,1
BIRCH BLUFF AV,2817,3
BIRD ROCK AV,1961,3
BIRMINGHAM WY,21097,4
BISBY LAKE AV,20713,5
BISBY LK AV,0,1
BLACK MOUNTAIN (OLD) RD,12050,1
BLACK MOUNTAIN RD,532160,16
BLACK MTN RD,1652188,44
BLUE CYPRESS DR,22348,5
BLUE CYPRESS RD,4220,1
BLUFFSIDE AV,53717,4
BOB ST,3910,1
BONAIR ST,885,2
BOOTES ST,10509,2
BOSTON AV,0,1
BOULDER LAKE AV,16845,2
BOUNDARY ST,100864,18
BOYD AV,29964,6
BRANDYWINE ST,3686,2
BRANDYWOOD ST,1266,1
BRECKENRIDGE DR,0,1
BRIARWOOD RD,99344,12
BRITANNIA BL,88137,7
BROADWAY,7889,1
BROADWAY ,765820,50
BROADWAY CR,28516,6
BROOKHAVEN RD,12973,6
BUENOS AV,6876,2
BURGENER BL,77993,10
BUSINESSPARK AV,42179,6
C ST,156832,21
CABLE  ST,8673,1
CABLE ST,59905,13
CABOT DR,31151,7
CABRILLO MEMORIAL DR,4001,2
CACTUS RD,35978,7
CAL CRISTOBAL ,27320,1
CAL PRIMERA ,0,1
CAL ROSAS ,0,3
CALIENTE AV,38313,6
CALLAN RD,7865,3
CALLE CRISTOBAL ,59613,4
CALLE ORO ,2852,1
CALLE PLATA ,4709,2
CALLE PRIMERA ,77830,8
CALLE ROSAS,7117,1
CALLE ROSAS ,12692,3
CALLE TRES LOMAS,2032,1
CALUMET AV,1489,3
CAM ESTE ,30500,2
CAM NORTE ,125510,2
CAM PZ ,0,1
CAM REINA ,66360,6
CAM RIO ,52960,1
CAM RIO N ,145450,11
CAM RIO S ,50650,7
CAM RUIZ ,119700,3
CAM SIESTA ,6410,1
CAM STA FE ,65990,2
CAMINITO SANTALUZ SUR,15422,1
CAMINO ARROYO ,793,1
CAMINO COSTA,3000,4
CAMINO DEL RIO  N,11933,1
CAMINO DEL RIO  S,16807,2
CAMINO DEL SUR ,4010,1
CAMINO ESTE,50166,5
CAMINO NORTE,695665,9
CAMINO NORTE ,64597,2
CAMINO ORO ,28061,6
CAMINO PLAZA ,198391,10
CAMINO REINA ,314071,17
CAMINO RIO ,402216,9
CAMINO RIO N ,551892,27
CAMINO RIO S,18326,2
CAMINO RIO S ,159107,17
CAMINO RIO W,54102,1
CAMINO RIO W ,350507,5
CAMINO RUIZ ,630313,18
CAMINO SANTA FE ,403962,15
CAMINO SIESTA ,14479,3
CAMINO SUR,9759,1
CAMINO SUR ,199912,12
CAMIONES WY,29575,4
CAMPANILE DR,40433,6
CAMPHOR LN,410,1
CAMPUS AV,24996,3
CAMPUS POINT CT,12633,3
CAMPUS POINT DR,62388,6
CAMPUS PT CT,10010,1
CAMPUS PT DR,16670,1
CAMULOS ST,1893,1
CANNINGTON DR,2470,1
CANON ST,282297,20
CAPRI DR,760,1
CAPRICORN WY,176030,16
CARDENO DR,34406,6
CARDIFF ST,92095,13
CARDINAL DR,13946,4
CARDINAL RD,47224,7
CARGILL AV,25012,4
CARMEL COUNTRY RD,287402,17
CARMEL CREEK RD,2004,1
CARMEL CRK RD,199356,15
CARMEL CTR RD,20736,9
CARMEL CYN RD,63620,6
CARMEL GROVE RD,8368,2
CARMEL KNOLLS DR,27732,6
CARMEL MOUNTAIN RD,94800,7
CARMEL MOUNTAIN ST,0,1
CARMEL MTN  RD,18977,1
CARMEL MTN RD,1525128,44
CARMEL VIEW RD,2994,1
CARMEL VISTA RD,5278,2
CARMEL VY RD,627341,22
CARROLL CYN RD,344875,24
CARROLL RD,159545,8
CARROLL WY,11312,2
CASS ST,163121,24
CASTANA ST,22730,5
CATALINA BL,622209,33
CATHER ST,1980,2
CATOCTIN DR,4457,3
CEASAR CHAVEZ PY,42560,4
CEDAR ST,110684,16
CELIA VIS DR,0,2
CELIA VISTA DR,17098,6
CENTRAL AV,21361,5
CESAR CHAVEZ PY,200237,16
CHANDLER DR,26344,6
CHARBONO ST,366,1
CHARGER BL,16084,4
CHARMANT DR,19169,5
CHATEAU DR,18816,8
CHATSWORTH BL,235359,12
CHELSEA AV,3380,6
CHELSEA ST,1146,3
CHEROKEE AV,1610,1
CHESAPEAKE DR,45727,11
CHILDREN'S WY,26963,4
CHILDRENS WY,5570,1
CHOLLAS PY,18130,4
CHOLLAS RD,13992,4
CHURCHWARD ST,31354,10
CHURRITUCK DR,2250,1
CLAIREMONT DR,676519,21
CLAIREMONT MESA BL,2147263,52
CLAIREMONT MS BL,591900,15
CLEVELAND AV,85402,15
CLIFFRIDGE AV,2365,5
CLOUDCREST DR,2464,1
CLOVERDALE RD,10831,2
COAST BL,20052,7
COL GROVE DR,8730,1
COL GROVE WY,0,1
COLE ST,24656,6
COLIMA ST,2983,5
COLINA DORADO DR,1931,1
COLLEGE  AV,24550,1
COLLEGE AV,1444187,37
COLLEGE GROVE DR,207386,17
COLLEGE GROVE WY,21691,3
COLLURA ST,1921,4
COLLWOOD BL,236685,10
COLUMBIA  ST,3117,1
COLUMBIA ST,105969,17
COLUSA ST,0,2
COMMERCE AV,107421,6
COMMERCIAL ST,12857,5
COMMON WEALTH AV,1436,1
COMPASS PT (S) DR,294,1
COMSTOCK ST,44648,11
CONESTOGA WY,4587,4
CONFERENCE WY,56648,4
CONGRESS ST,47850,7
CONRAD AV,2560,1
CONVOY CT,126001,14
CONVOY ST,890648,35
COPLEY DR,46389,5
COPLEY PARK PL,28693,3
COPLEY PK PL,9500,1
CORDOVA ST,9406,5
CORONADO AV,613649,21
CORONADO BRIDGE ,78986,1
CORONADO SB AV,75000,3
COSOY WY,0,1
COTTONWOOD RD,10998,3
COUNTRY CLUB DR,2620,2
COUTS ST,0,1
COWLES MOUNTAIN BL,3050,1
COWLES MTN BL,36330,8
COWLEY WY,2923,2
CRANDALL DR,8214,4
CRAWFORD ST,5831,3
CREEKVIEW DR,2176,2
CROWN POINT DR,63478,8
CROWN PT DR,0,1
CRYSTALAIRE DR,3915,4
CUMBERLAND ST,10749,5
CURLEW ST,3162,2
CYP CYN RD,0,1
CYPRESS CYN PARK DR,7697,4
CYPRESS CYN RD,8715,3
D M HTS RD,113710,4
DAGGET ST,16016,5
DAIRY MART RD,239142,14
DALE ST,0,1
DALEY CTR DR,51937,6
DAMON AV,15192,3
DANA LANDING RD,1148,1
DATE ST,15137,5
DATSUN ST,42619,6
DAVID ST,2260,1
DECORO ST,23628,4
DEEP DELL RD,33121,8
DEEP HAVEN LN,80,1
DEL CERRO BL,56102,10
DEL DIABLO WY,17570,4
DEL MAR AV,25724,9
DEL MAR HTS RD,962969,20
DEL MAR MESA RD,2053,1
DEL MAR SCENIC PY,1000,1
DEL MAR TRAILS RD,20730,5
DEL SOL BL,236442,18
DEL SUR  BL,3094,1
DEL SUR BL,3726,2
DELTA ST,3837,3
DENNERY RD,99164,5
DENVER ST,71692,12
DERRICK DR,61850,11
DIAMOND ST,23157,6
DIANE AV,47140,10
DISTRIBUTION AV,18043,5
DIVISION ST,176221,12
DOLIVA DR,11719,4
DORIANA ST,10389,5
DORMOUSE RD,880,1
DOWDY DR,34151,4
DUENDA RD,15973,4
DUNAWAY DR,6963,3
DUSK DR,6077,2
E BEYER BL,36716,9
E MISSION BAY DR,17660,3
E MSS BAY DR,0,1
E OCEAN AIR DR,7466,2
E ST,44163,11
EAST BEYER BL,0,1
EASTBOURNE RD,9029,3
EASTGATE ML,172353,15
EBERS ST,75053,11
ECKSTROM AV,32068,4
EL CAJON  BL,72206,3
EL CAJON BL,3071556,70
EL CAM RL ,130360,4
EL CAMINO REAL ,758071,27
EL PASEO GRANDE ,8838,2
EL PRADO ,23707,5
ELECTRIC AV,0,2
ELM AV,17256,7
ELM ST,123164,14
ENGINEER RD,50074,12
ENRICO FERMI DR,9571,2
ENTERPRISE ST,15238,2
ESCALA DR,12557,5
ESTELLE ST,1950,1
ETON AV,0,1
EUCLID  AV,22028,1
EUCLID AV,1586305,48
EVENING CRK DR,495,1
EVENING CRK E DR,552,1
EVENING CRK N DR,19535,5
EVENING CRK S DR,14605,4
EVERGREEN ST,4180,1
EXECUTIVE DR,54105,12
EXECUTIVE WY,19866,4
F ST,479316,29
FAIRBROOK  RD,3594,1
FAIRBROOK RD,21647,7
FAIRMOUNT AV,1623105,51
FAMOSA BL,136151,9
FANUEL ST,95612,18
FARMINGDALE ST,28679,5
FASHION VY RD,50010,4
FATHER JUNIPERO SERRA TL,6198,2
FAY AV,108445,9
FEDERAL BL,304292,25
FELSPAR ST,16053,4
FENTON MKTPL DY,10230,1
FENTON PY,30460,3
FERN GL,1360,1
FERN GLEN  NEPTUNE,1055,1
FERN ST,94359,12
FIELD ST,16045,3
FIESTA IS RD,0,1
FIESTA ISLAND RD,7818,3
FLANDERS DR,110261,18
FLANDERS LN,10460,1
FLORIDA AV,4402,1
FLORIDA DR,250250,15
FLORIDA ST,71081,17
FONTAINE ST,7093,5
FOOTHILL BL,179472,10
FORT STOCKTON DR,70154,11
FORWARD ST,5130,4
FRAZEE RD,162318,9
FRIAIRS  RD,149445,1
FRIARS  RD,48824,1
FRIARS RD,3622754,60
FRONT ST,388132,28
FROST MAR PL,3040,2
FROST ST,37571,5
G ST,552130,29
GAGE DR,490,1
GALVIN AV,21933,6
GARNET AV,1856561,37
GARNET ST,139111,4
GARRISON ST,2969,2
GATEWAY CTR DR,25531,2
GATEWAY DR,24606,8
GEMINI AV,34349,4
GENESEE AV,3410613,72
GENOA DR,370,1
GENTER ST,28339,2
GEORGE COOKE EXPRESS DR,36402,2
GEORGIA ST BRIDGE ,8676,4
GESNER ST,10528,4
GILMAN DR,95085,5
GIRARD AV,169900,13
GLENROY ST,4674,3
GOLD COAST DR,150603,18
GOLDFINCH ST,97091,14
GOLF COURSE DR,13706,4
GOLFCREST DR,85305,11
GOODE ST,10320,2
GOVERNOR DR,401826,22
GRAMERCY DR,37715,5
GRAND AV,1316867,32
GRANDEE PL,700,3
GRANDEE RD,0,1
GRAPE  ST,87916,5
GRAPE ST,403336,16
GRAYDON RD,7994,4
GREENBRIER AV,1059,1
GREENFORD DR,23925,5
GREYLING DR,9714,5
GROVE AV,10551,3
GROVE VW RD,0,1
GULLSTRAND ST,13527,6
HAINES ST,7566,3
HALF MILE DR,17093,5
HAMMOND DR,14897,4
HANCOCK  ST,5859,1
HANCOCK ST,263251,27
HANCOOK ST,3400,1
HARBISON AV,8161,3
HARBOR DR,733008,31
HARBOR ISLAND DR,48706,3
HARFIELD AV,7079,1
HARNEY ST,13363,3
HARTFIELD AV,36260,5
HARVEST RD,1417,2
HATHAWAY ST,14617,4
HAWK ST,12117,5
HAWTHORN ST,604068,24
HAZARD CTR DR,38969,4
HEALTH CTR DR,138835,13
HEINRICH HERTZ DR,8784,2
HERITAGE RD,54116,8
HERMES ST,1770,1
HERSCHEL AV,29116,8
HIBERT ST,24363,7
HICKMAN FIELD DR,11364,3
HICKMAN FLD DR,3400,1
HIDDEN VY RD,25529,3
HIGH BLUF DR,10223,1
HIGH BLUFF DR,72922,10
HIGHLAND RH RD,153367,9
HIGHLAND VY RD,15486,7
HIGHWOOD DR,29374,7
HILL ST,6395,4
HILLERY DR,44305,6
HILLSIDE DR,10395,4
HILLTOP DR,35758,10
HLAND RANCH RD,12960,1
HOLIDAY CT,5565,2
HOLLISTER ST,107788,13
HOLLY DR,3090,2
HOME  AV,34007,1
HOME AV,505475,19
HONEY DR,820,1
HOTEL CIRCLE N ,90706,7
HOTEL CIRCLE S ,140790,9
HOTEL CR N ,40640,1
HOTEL CR S ,0,1
HOWARD AV,104986,18
HOWARD SB AV,0,1
HUGHES ST,5086,3
HUGO ST,2008,1
HYACINTH DR,2337,2
IDLEWILD WY,850,1
ILLION ST,21181,6
IMPERIAL AV,1445288,61
INDIA  ST,5449,1
INDIA ST,529486,46
INGRAGAM ST,17968,1
INGRAHAM ST,1178705,35
INGRID AV,0,1
INGULF ST,23391,5
INNOVATION DR,20685,4
IONA DR,0,1
IRIS AV,51810,9
IRON WOOD RD,2861,1
ISLAND AV,6873,5
IVANHOE AV,28322,6
J J HOPKINS DR,10370,1
J J MONTGOMER DR,3300,1
J ST,1890,2
JACKSON DR,299072,19
JACKSON ST,3985,2
JADE COAST DR,3805,2
JADE COAST RD,5075,3
JAMACHA RD,80364,8
JEFFERSON ST,4423,2
JEWELL ST,128720,13
JOHN J HOPKINS DR,29579,3
JOHN J MONTGOMERY DR,9040,3
JUAN ST,57013,7
JUNIPER ST,20269,5
JUTLAND DR,68728,10
K ST,8993,3
KALMIA ST,0,1
KEARNEY AV,37400,9
KEARNY MESA RD,18743,1
KEARNY MISSION RD,108337,11
KEARNY MS RD,40800,5
KEARNY VILLA RD,1122829,50
KEELER AV,0,1
KELTON RD,21355,7
KEMPER  ST,6698,1
KEMPER ST,103393,10
KENAMAR DR,17130,4
KENWOOD ST,915,2
KETTNER  BL,15291,1
KETTNER BL,590947,36
KIOWA DR,5010,1
KITE ST,6955,5
KLAUBER AV,1243,1
KNOXVILLE ST,21006,3
KRAMER ST,1800,1
KRENNING ST,14117,5
KURTZ  ST,10954,1
KURTZ ST,100694,13
L J COLONY DR,9700,1
L J HERMOSA AV,0,2
L J MS DR,8260,2
L J RHO RD,1300,1
L J SC S DR,0,1
L J SHORES DR,0,1
L J VILGE DR,364070,6
LA CANADA ST,1442,2
LA CUENTA DR,46284,8
LA DORNA ST,0,1
LA JOLLA BL,600697,21
LA JOLLA COLONY DR,22451,3
LA JOLLA HERMOSA AV,6226,6
LA JOLLA MESA DR,64102,10
LA JOLLA PY,562270,11
LA JOLLA SCENIC DR,149647,16
LA JOLLA SHORES DR,160542,11
LA JOLLA VILLAGE DR,1744664,29
LA MEDIA RD,135600,12
LA PLAYA AV,11442,3
LA TORTOLA ,1400,1
LAKE ARROWHEAD DR,12799,3
LAKE MURRAY BL,140426,7
LAKE SHORE DR,6190,1
LAMONT ST,172317,11
LANCE ST,12556,4
LANDIS ST,46851,12
LANDSCAPE DR,2187,2
LANSDALE DR,34598,6
LAS FLORES TR,9807,4
LAUREL ST,839080,36
LAZANJA DR,3235,1
LEA ST,15864,6
LEBON DR,106875,8
LEHRER DR,1180,1
LELAND ST,74664,9
LEON AV,17843,4
LEWIS ST,13708,5
LEWISON DR,922,1
LIBRA DR,10742,4
LIGHTWAVE AV,7822,2
LIMERICK AV,110830,16
LINCOLN  AV,11588,2
LINCOLN AV,143461,24
LINDA ROSA AV,8095,5
LINDA VIS RD,166810,7
LINDA VISTA RD,549145,22
LIPMANN ST,9698,4
LISBON ST,39047,5
LIVINGSTON ST,2592,2
LK ARROWHEAD DR,0,1
LK MURRAY BL,60710,3
LOFTY TRAIL DR,510,1
LOGAN AV,147502,26
LOMALAND DR,15016,4
LOMICA DR,39770,9
LONG RUN DR,1753,2
LOOKOUT DR,523,3
LORING ST,109266,15
LOTUS DR,4065,2
LOWELL ST,16629,5
LUNA AV,87125,9
LUSK BL,193142,14
LYTTON  ST,14162,1
LYTTON ST,255415,13
MACAULAY ST,14321,4
MADERA ST,12433,5
MADISON AV,84254,10
MADRA AV,24791,6
MAGNATRON BL,1190,1
MAGNOLIA AV,12174,4
MAHAILA AV,5957,4
MAIN SB ST,135510,7
MAIN ST,326584,21
MALLARD ST,30486,5
MANGO DR,38861,5
MANZANA WY,1272,1
MARATHON DR,1610,1
MARGERUM AV,13614,6
MARILOU RD,0,1
MARKET ST,1674655,74
MARLBOROUGH AV,56466,12
MARLBOROUGH DR,15549,5
MARLESTA DR,25997,6
MARMIL WY,3330,1
MARYLAND ST,15874,4
MAST BL,111627,4
MATINAL DR,3286,1
MATINAL RD,25234,8
MATURIN DR,39674,6
MAYA LINDA RD,5585,2
MCGUIRE DR,12090,3
MDW LARK DR,0,1
MEADE AV,205598,26
MEADOW LARK DR,24106,6
MEADOWBROOK DR,160601,14
MERCER LN,840,1
MERCER ST,2480,1
MERCURY ST,325405,20
MERCY RD,176171,10
MERLIN DR,14213,4
MERRIMAC AV,9810,2
MESA COLLEGE DR,461375,16
METROPOLITAN DR,11917,3
MIDVALE DR,7558,2
MIDWAY DR,851497,27
MIDWAY ST,1865,3
MILCH RD,12769,3
MILL PEAK RD,660,1
MILTON ST,43278,9
MIRA MESA BL,4003525,48
MIRA MS BL,521470,6
MIRA SORRENTO PL,31310,3
MIRALANI DR,28708,3
MIRAMAR PL,21991,4
MIRAMAR RD,3343735,37
MIRAMAR WY,85162,6
MISSION AV,10891,5
MISSION BAY DR,1034273,21
MISSION BL,982347,39
MISSION CITY PY,16393,3
MISSION CTR DR,27163,2
MISSION CTR RD,457604,20
MISSION GORGE  PL,3687,1
MISSION GORGE  RD,46753,2
MISSION GORGE PL,12449,4
MISSION GORGE RD,814433,23
MISSION VILLAGE DR,77783,3
MISSION VILLAGE RD,20905,3
MITCHER WY,18391,2
MOBLEY ST,17124,7
MOCKING BIRD DR,4976,5
MONROE AV,128776,20
MONTE VISTA AV,914,1
MONTEZUMA  RD,62919,2
MONTEZUMA RD,1388628,28
MONTONGO ST,41188,10
MONUMENT RD,7520,9
MOORE ST,55096,8
MORAGA AV,64792,8
MOREHOUSE DR,20725,3
MORENA BL,1096419,34
MORLEY FIELD DR,33236,5
MORLEY FLD DR,0,1
MORNING CRK N DR,2779,2
MORNING CRK S DR,2745,2
MORRELL ST,1844,4
MOUNTAIN VIEW DR,1819,1
MS COL DR,109340,3
MSS BAY DR,157960,2
MSS CTR RD,226310,6
MSS GORGE PL,0,1
MSS GORGE RD,190890,4
MSS VILGE DR,43120,3
MSS VY RD,17810,2
MT ABERNATHY AV,119170,14
MT ACADIA BL,105312,12
MT AGUILAR DR,40516,9
MT ALIFAN DR,166990,14
MT ARARAT DR,6909,4
MT DAVIS AV,1610,1
MT ETNA DR,34601,9
MT EVEREST BL,71841,15
MT HERBERT AV,20667,7
MTE VIS AV,1530,1
MUIRLANDS DR,2589,2
MUIRLANDS VISTA WY,2266,2
MUNDA RD,29116,9
MURPHY CYN RD,221183,17
MURRAY CYN RD,0,1
MURRAY PARK DR,24636,5
MURRAY PK DR,0,1
MURRAY RDG RD,29110,2
MURRAY RIDGE RD,129136,6
N HARBOR DR,1776300,35
N MISSION BAY DR,20140,6
N MOUNTAIN VIEW DR,613,1
N MTN VW DR,0,1
N PK WY,7300,2
N T PINES RD,111250,4
N TORREY PINES RD,509236,22
NANCY RDG DR,4910,1
NANCY RIDGE DR,7825,2
NAPA ST,126500,11
NARRAGANSETT AV,47402,10
NATIONAL AV,559034,38
NAUTILUS ST,183754,16
NAVAJO  RD,14817,1
NAVAJO RD,655842,20
NEBRASKA AV,0,1
NEW SALEM ST,79240,13
NEWPORT AV,48048,7
NEWTON AV,0,1
NIAGARA AV,5296,4
NILE ST,12459,4
NIMITS BL,13417,1
NIMITZ BL,684722,22
NOBEL DR,717827,23
NOELL ST,26234,5
NORMAL ST,213683,15
NORMAN SCOTT RD,16392,1
NORSTAD AV,10035,3
NORTH PARK WY,46940,7
NORTHSIDE  DR,19788,1
NORTHSIDE DR,222896,12
NOTTINGHAM PL,1460,1
NUTMEG ST,2640,1
OAKRIDGE RD,11025,5
OBERLIN DR,10950,2
OCEAN VIEW BL,276631,24
OCEAN VIEW HILLS PY,65032,6
OCEAN VIEW PY,25232,3
OCEAN VW BL,54500,8
OHIO ST,34322,6
OLD CARMEL VY RD,7050,3
OLD EL CAMINO REAL ,16084,3
OLD MEMORY LN,4110,3
OLD MILKY WY,9521,3
OLD SAN PASCUAL RD,5217,2
OLD TOWN AV,110853,9
OLIVE AV,22937,6
OLIVETAS AV,6126,2
OLNEY ST,22326,6
OLVERA AV,25769,6
ORANGE AV,159441,19
ORCHARD AV,2468,2
ORCUTT AV,23882,6
ORO VIS RD,0,1
ORO VISTA RD,39706,6
OSBORNE ST,33693,2
OSLER ST,21150,5
OTAY CTR DR,21575,4
OTAY MESA RD,734722,19
OTAY VY RD,10290,3
OTHELLO AV,26250,10
OUTER RD,13820,3
OVIEDO ST,14961,3
PAC BEACH DR,2790,2
PAC CTR BL,5850,1
PAC HTS BL,27620,2
PAC MS BL,5980,1
PACIFIC BEACH DR,156765,14
PACIFIC CTR BL,39392,5
PACIFIC DR,17766,5
PACIFIC HIGHLANDS RH PY,4725,1
PACIFIC HIGHWAY ,15590,1
PACIFIC HIGHWAY VIADUCT ,35710,1
PACIFIC HTS BL,76886,7
PACIFIC HY,1344686,53
PACIFIC MESA BL,23220,3
PACIFICA DR,7266,2
PALM AV,1358360,32
PALM ST,9518,3
PALMILLA DR,21905,4
PALOMAR AV,2823,2
PARADISE HILL RD,0,1
PARADISE HILLS RD,1854,1
PARADISE VY RD,631253,28
PARK  BL,14179,1
PARK BL,957630,47
PARK RIDGE BL,32411,9
PARK VILLAGE RD,123771,9
PARKDALE AV,43349,11
PARKSIDE AV,38915,7
PASEO AMERICAS ,16008,3
PASEO CARDIEL ,4562,2
PASEO DORADO ,13140,5
PASEO LUCIDO ,121883,8
PASEO MONTALBAN ,51690,8
PASEO MONTANOSO ,14513,4
PASEO MONTRIL ,20838,7
PASEO SUR ,1856,2
PASEO SUR  ,5287,2
PASEO VERANO ,7576,2
PASEO VERANON ,11957,3
PEARL ST,144084,10
PEGASUS AV,14924,6
PENASQUITOS DR,78686,5
PENNANT WY,23016,4
PENNSYLVANIA AV,29349,3
PENTUCKETT AV,0,1
PEREZ COVE PRIVATE WY,11530,2
PEREZ CV PVT WY,0,1
PERSHING DR,283473,16
PESCADERO AV,295,1
PETIT ST,14122,4
PHYLLIS PL,2550,2
PICADOR BL,196734,11
PICCARD AV,16203,3
PICO ST,18603,2
PINECREST AV,2939,2
PINZON WY,0,1
PITTA ST,0,1
PK RDG BL,4180,1
PK VILGE RD,34830,2
PLAZA BL,59876,10
PLAZA PANAMA ,22009,4
PLUM ST,16795,5
POBLADO RD,30623,9
POINSETTIA DR,20954,4
POINT LOMA AV,47879,9
POINT LOMA BL,62449,3
POMERADO RD,1755571,62
POPLAR ST,14897,5
PORTOBELO DR,5555,1
PORTOFINO DR,5747,3
POTOMAC ST,87094,20
POWAY RD,695065,14
PRESIDENTS WY,22231,5
PRESIDIO DR,21783,8
PRESTWICK DR,3742,3
PRINCESS ST,2621,2
PRINCESS VIEW DR,19609,3
PRINCESS VW DR,9550,1
PRINGLE ST,0,1
PRODUCTION AV,9073,3
PROSPECT PL,113094,6
PROSPECT ST,63866,6
PSO AMERICAS ,2860,1
PSO CARDIEL ,0,2
PSO LUCIDO ,27180,1
PSO MONTALBAN ,26210,3
PSO MONTANOSO ,0,1
PSO MONTRIL ,0,2
PSO VERANO ,3420,1
PT LOMA AV,3280,4
QUALCOMM WY,566833,16
QUARTER MILE DR,3634,2
QUINCE DR,1420,1
QUINCY ST,3039,1
QUIVIRA RD,8802,3
QUIVIRA WY,7899,4
RACINE RD,7470,2
RADCLIFFE DR,1460,1
RAEJEAN AV,16163,5
RAFFEE DR,0,1
RANCHO BERNARDO RD,685883,15
RANCHO CARMEL DR,71203,4
RANCHO HILLS DR,8634,5
RANCHO MISSION RD,79240,7
RANCHO PENASQUITOS BL,387924,8
RAY ST,3131,3
RAYTHEON RD,7108,4
REAGAN RD,78811,13
REAJEAN AV,2083,1
RED CEDAR DR,8814,5
REDWOOD ST,45336,12
REED AV,4018,3
REGENTS RD,563173,30
REO DR,238054,14
RESERVOIR DR,23120,4
REYNARD WY,46600,12
RHO BERNARDO RD,115000,3
RHO CARMEL DR,43170,3
RHO MSS RD,21950,2
RHO PENASQUIT BL,86840,3
RICHLAND ST,28205,1
RICHMOND ST,94101,18
RIDGE MANOR AV,2830,1
RIO BONITO WY,1410,1
RIO SAN DIEGO DR,81334,5
RIO SN DIEGO DR,38010,2
RIOS RD,1670,1
RIVER RUN DR,3160,1
RIVERDALE ST,83467,7
RIVIERA DR,57519,7
ROBBINS ST,660,1
ROBINSON AV,245168,21
ROCKWOOD RD,15722,6
ROLANDO BL,11790,5
ROLFE RD,3030,2
ROLL DR,9924,1
ROMERO DR,1308,3
RONSON RD,39795,5
ROSECRANS ST,2431669,46
ROSELLE ST,294834,15
ROSWELL ST,8258,4
RTE 252 ,430,1
RUE CHAMBERRY ,1083,1
RUE CHANTEMAR ,0,1
RUFFIN CT,40373,5
RUFFIN RD,343902,19
RUFFNER ST,120337,14
RUSS BL,6730,3
S VIS AV,9110,2
SABRE SPRINGS PY,148789,10
SABRE SPRS PY,38580,2
SAIPAN DR,13179,6
SALMON RIVER RD,13919,7
SAMPSON ST,36155,10
SAN ANDRES DR,64118,9
SAN CARLOS DR,13574,4
SAN DIEGO  AV,5797,1
SAN DIEGO AV,142207,16
SAN DIEGO MISSION  RD,7353,1
SAN DIEGO MISSION RD,85968,8
SAN DIEGUITO RD,138597,11
SAN JACINTO DR,18821,3
SAN PASQUAL RD,20986,2
SAN PASQUAL ST,5740,1
SAN PASQUAL VY RD,56936,6
SAN VICENTE ST,14934,4
SAN YSIDRO BL,341795,13
SANDROCK RD,83559,8
SANTA BARBARA ST,6559,2
SANTA FE ST,27490,6
SANTA MONICA AV,5560,1
SANTO RD,346584,24
SANYO AV,15701,4
SASSAFRAS ST,47746,5
SATELLITE BL,36495,7
SATURN BL,347780,18
SCHLEY ST,23513,6
SCI PK RD,4750,1
SCIENCE PARK RD,9470,2
SCOTT ST,143514,13
SCR CRK DR,0,1
SCR LAKE DR,4000,3
SCR POWAY PY,84900,1
SCR RH BL,71260,4
SCRANTON RD,245487,13
SCRIPPS CRK DR,28783,6
SCRIPPS LAKE DR,89815,12
SCRIPPS POWAY PY,513768,10
SCRIPPS RH BL,192858,11
SCRIPPS ST,2560,1
SCRIPPS TL,21520,8
SD 005 W FR ,1370,1
SD 078 ,68563,6
SD 078 RD,0,1
SD 805 RAMP ,22460,1
SD 905 ,304881,4
SEA WORLD DR,683589,12
SEA WORLD WY,41198,4
SEMILLON BL,33224,10
SEMINOLE DR,1850,1
SHAWLINE ST,191332,12
SHAWNEE RD,3329,2
SHELTER IS DR,15070,1
SHELTER ISLAND DR,56925,5
SHERMAN ST,24060,4
SHOAL CRK DR,26141,6
SIEMPRE VIVA RD,266304,16
SILVER GT AV,840,1
SILVERADO ST,2775,1
SILVERTON AV,9141,3
SKYLINE DR,311352,24
SMYTHE AV,80517,6
SN CARLOS DR,5860,4
SN DIEGO AV,44220,4
SN DIEGO MSS RD,24540,1
SN DIEGUITO RD,0,1
SN JACINTO DR,0,1
SN PASQUAL RD,0,1
SN VICENTE ST,0,2
SN YSIDRO BL,66550,5
SODERBLOM AV,3145,2
SOLEDAD MTN RD,312076,14
SOLEDAD RD,22448,5
SORRENTO VY BL,454797,21
SORRENTO VY PY,18552,1
SORRENTO VY RD,194511,14
SPARREN AV,16326,4
SPECTRUM CT,19870,2
SPORTS ARENA BL,529560,17
SPR CYN RD,20880,2
SPRING CYN RD,795484,25
SPRINGBROOK DR,24901,4
SPRINGHURST DR,16416,5
SPRUCE RUN DR,7719,6
SPRUCE ST,694,1
STA BARBARA ST,0,3
STA FE ST,0,1
STADIUM ST,960,1
STALMER ST,25082,4
STARGAZE AV,0,1
STARLING DR,36466,5
STATE  ST,2838,1
STATE ST,65613,18
STONEBRIDGE PY,35736,6
STONECREST BL,13194,2
STONEY PEAK DR,31536,4
STREAMVIEW DR,40117,10
STRESEMANN ST,31088,9
SUCCESS AV,2690,1
SUGARMAN DR,1300,1
SUNDANCE AV,0,1
SUNDEVIL WY,5409,3
SUNSET  RD,1070,1
SUNSET BL,19869,7
SUNSET CLIFFS BL,910264,34
SUNSET RD,4101,4
SUNSET RDG DR,3330,2
SUNSET RIDGE DR,7018,3
SUTTER ST,14765,5
SWIFT AV,28948,6
SYCHAR RD,8284,4
SYRACUSE AV,550,1
T BLUFF DR,7590,2
T PINES RD,119040,2
T WILLIAMS PY,66230,2
TAIT ST,11603,4
TALBOT ST,72018,12
TAYLOR ST,446689,18
TECH WY,2960,1
TECOLOTE RD,115325,6
TED WILLIAMS PY,153106,5
TENNYSON ST,6624,3
TEXAS ST,771120,27
THERMAL AV,16325,5
THORN ST,17453,9
TIERRASANTA  BL,5020,1
TIERRASANTA BL,319522,17
TIMBERLAKE DR,11194,5
TOCAYO AV,45749,4
TONAWANDA DR,37206,4
TOOMA ST,2457,2
TOP GUN ST,8451,2
TORREY BLUFF DR,9415,3
TORREY MEADOWS DR,2896,1
TORREY PINES RD,2024597,22
TORREY SANTA FE RD,10718,2
TORRINGTON ST,2389,2
TOWNE CTRE DR,320365,19
TOWNSGATE DR,15280,3
TRADE PL,24809,4
TRADE ST,51091,7
TREENA ST,17348,5
TRIANA ST,5533,2
TRINIDAD WY,5036,2
TROJAN AV,11709,4
TULIP ST,8841,4
TURQUOISE ST,140831,9
TWAIN  AV,6933,1
TWAIN AV,25837,7
TWIGGS ST,6812,3
TWIN TLS DR,18480,3
TWIN TRAILS DR,90729,11
TWINING AV,2034,2
TYNEBOURNE CR,0,1
ULRIC ST,340580,23
UNIVERSITY  AV,45769,1
UNIVERSITY AV,4299282,122
UPAS ST,223240,27
UTAH ST,59005,20
UTE DR,3202,2
VALENCIA PY,70272,11
VALETA ST,25498,7
VALLEY CTRE DR,33152,3
VALLEY RD,64129,7
VAN DYKE  AV,5097,1
VAN DYKE AV,29187,4
VANDEVER AV,31184,9
VENTURA PL,14235,2
VERMONT ST,52041,5
VESTA ST,44592,8
VETERANS HOSPITAL DR,58694,3
VIA ALICANTE ,30520,7
VIA AMISTAD ,7301,4
VIA CAMPO ,15734,3
VIA CAPRI ,51264,7
VIA CUMBRES ,58717,8
VIA D L VALLE ,116160,3
VIA GRANDE DR,4269,2
VIA MALLORCA ,28739,7
VIA MAR DELFI ,0,2
VIA SAN YSIDRO ,66521,3
VIA SN YSIDRO ,25990,1
VIA VALARTA ,29774,12
VIA VALLE ,537822,17
VICKERS ST,2225,1
VIEWRIDGE AV,27148,4
VIKING WY,247,2
VILLA L J DR,29580,1
VILLA LA JOLLA DR,311582,12
VILLAGE PL,24973,5
VINE ST,0,1
VIRGINIA SB AV,0,1
VIRGINIA WY,3673,1
VIS GRANDE DR,0,2
VIS SORRENTO PY,55660,4
VISTA GRANDE DR,2359,1
VISTA HILL AV,19424,3
VISTA SORRENTO PKY,16769,1
VISTA SORRENTO PY,319508,15
VOLTAIRE ST,174792,18
VY CTRE DR,12980,1
W BERNARDO DR,216792,14
W CANYON AV,22191,5
W CEDAR ST,2786,1
W CYN AV,5110,1
W GRAPE ST,22078,1
W HAWTHORN ST,24212,1
W HILLS  PKY,21867,2
W HILLS BL,51562,5
W HILLS PY,71149,7
W IVY ST,923,1
W LAUREL ST,28002,1
W MISSION BAY DR,845247,18
W MORENA BL,103611,7
W MOUNTAIN VIEW DR,1244,1
W MSS BAY DR,102440,2
W MTN VW DR,0,1
W MUIRLANDS DR,26734,6
W OCEAN AIR DR,17633,4
W PARK AV,8565,2
W PK AV,0,1
W POINT LOMA BL,428039,20
W PT LOMA BL,56020,3
WABASH BL,50159,5
WABASKA DR,17913,7
WANDERMERE DR,8824,4
WARD  RD,9161,1
WARD RD,54992,6
WARING RD,210409,11
WASHINGTON  ST,21520,1
WASHINGTON AV,67451,1
WASHINGTON PL,1775,2
WASHINGTON ST,1987550,37
WAVERLY AV,782,3
WESTMORE RD,39394,9
WESTONHILL DR,144014,23
WESTOVER PL,4467,1
WESTVIEW PY,293398,14
WIGHTMAN ST,74887,11
WILLOW CRK RD,39483,7
WILLOW RD,44208,5
WILLS CRK RD,3686,3
WINDING CRK DR,2200,2
WINNETT ST,11125,3
WINONA AV,12725,3
WINONA ST,1885,1
WITHERBY ST,29375,4
WOODMAN  ST,6651,1
WOODMAN ST,557247,29
WOODROW AV,2464,3
WORDEN ST,36966,7
WORLD TRADE DR,66918,5
WORSCH DR,3105,2
WRELTON DR,0,1
WYNDHAVEN DR,0,1
YERBA SANTA DR,2290,1
YSABEL CRK RD,605,1
Z ST,0,1
ZION AV,71204,7
ZOO PL,32720,6
